<?xml version="1.0" encoding="UTF-8" standalone="no"?>
<catalog xmlns="urn:oasis:names:tc:entity:xmlns:xml:catalog" prefer="system">
    <system systemId="http://localhost:9081/Login?WSDL" uri="conf/xml-resources/web-service-references/Login/wsdl/localhost_9081/Login.wsdl"/>
    <system systemId="http://localhost:9081/SearchCameras?WSDL" uri="conf/xml-resources/web-service-references/SearchCameras/wsdl/localhost_9081/SearchCameras.wsdl"/>
    <system systemId="http://localhost:9081/GetCameraInfo?WSDL" uri="conf/xml-resources/web-service-references/GetCameraInfo/wsdl/localhost_9081/GetCameraInfo.wsdl"/>
    <system systemId="http://csimoes-MSE:9081/OrderCompositeOrchestrator-sun-http-binding/BPEL_SearchCameras/WS_BPEL_GetCameraInfo.wsdl" uri="conf/xml-resources/web-service-references/GetCameraInfo/wsdl/csimoes-MSE_9081/OrderCompositeOrchestrator-sun-http-binding/BPEL_SearchCameras/WS_BPEL_GetCameraInfo.wsdl"/>
    <system systemId="http://csimoes-MSE:9081/OrderCompositeOrchestrator-sun-http-binding/BPEL_SearchCameras/WS_BPEL_SearchCameras.wsdl" uri="conf/xml-resources/web-service-references/GetCameraInfo/wsdl/csimoes-MSE_9081/OrderCompositeOrchestrator-sun-http-binding/BPEL_SearchCameras/WS_BPEL_SearchCameras.wsdl"/>
    <system systemId="http://csimoes-MSE:9081/OrderCompositeOrchestrator-sun-http-binding/BPEL_SearchCameras/CameraInfo.xsd" uri="conf/xml-resources/web-service-references/GetCameraInfo/wsdl/csimoes-MSE_9081/OrderCompositeOrchestrator-sun-http-binding/BPEL_SearchCameras/CameraInfo.xsd"/>
    <system systemId="http://localhost:9081/RegisterUser?WSDL" uri="conf/xml-resources/web-service-references/RegisterUser/wsdl/localhost_9081/RegisterUser.wsdl"/>
    <system systemId="http://csimoes-MSE:9081/UserCompositeOrchestrator-sun-http-binding/BPEL_Login/WSRegisterUser.wsdl" uri="conf/xml-resources/web-service-references/RegisterUser/wsdl/csimoes-MSE_9081/UserCompositeOrchestrator-sun-http-binding/BPEL_Login/WSRegisterUser.wsdl"/>
    <system systemId="http://csimoes-MSE:9081/UserCompositeOrchestrator-sun-http-binding/BPEL_Login/WSLoginWrapper.wsdl" uri="conf/xml-resources/web-service-references/RegisterUser/wsdl/csimoes-MSE_9081/UserCompositeOrchestrator-sun-http-binding/BPEL_Login/WSLoginWrapper.wsdl"/>
    <system systemId="http://csimoes-MSE:9081/UserCompositeOrchestrator-sun-http-binding/BPEL_Login/UserSchemaInfo.xsd" uri="conf/xml-resources/web-service-references/RegisterUser/wsdl/csimoes-MSE_9081/UserCompositeOrchestrator-sun-http-binding/BPEL_Login/UserSchemaInfo.xsd"/>
    <system systemId="http://localhost:9081/Checkout?WSDL" uri="conf/xml-resources/web-service-references/Checkout/wsdl/localhost_9081/Checkout.wsdl"/>
    <system systemId="http://localhost:9081/GetPurchaseInfo?WSDL" uri="conf/xml-resources/web-service-references/GetPurchaseInfo/wsdl/localhost_9081/GetPurchaseInfo.wsdl"/>
    <system systemId="http://localhost:9081/Shipped?WSDL" uri="conf/xml-resources/web-service-references/Shipped/wsdl/localhost_9081/Shipped.wsdl"/>
    <system systemId="http://localhost:9081/GetPurchases?WSDL" uri="conf/xml-resources/web-service-references/GetPurchases/wsdl/localhost_9081/GetPurchases.wsdl"/>
    <system systemId="http://csimoes-MSE:9081/PurchaseCompositeOrchestrator-sun-http-binding/BPEL_Purchases/WS_BPEL_GetPurchaseInfo.wsdl" uri="conf/xml-resources/web-service-references/GetPurchases/wsdl/csimoes-MSE_9081/PurchaseCompositeOrchestrator-sun-http-binding/BPEL_Purchases/WS_BPEL_GetPurchaseInfo.wsdl"/>
    <system systemId="http://csimoes-MSE:9081/PurchaseCompositeOrchestrator-sun-http-binding/BPEL_Purchases/WS_BPEL_GetPurchases.wsdl" uri="conf/xml-resources/web-service-references/GetPurchases/wsdl/csimoes-MSE_9081/PurchaseCompositeOrchestrator-sun-http-binding/BPEL_Purchases/WS_BPEL_GetPurchases.wsdl"/>
    <system systemId="http://csimoes-MSE:9081/PurchaseCompositeOrchestrator-sun-http-binding/BPEL_Purchases/WS_BPEL_Shipped.wsdl" uri="conf/xml-resources/web-service-references/GetPurchases/wsdl/csimoes-MSE_9081/PurchaseCompositeOrchestrator-sun-http-binding/BPEL_Purchases/WS_BPEL_Shipped.wsdl"/>
    <system systemId="http://csimoes-MSE:9081/PurchaseCompositeOrchestrator-sun-http-binding/BPEL_Purchases/WS_BPEL_Checkout.wsdl" uri="conf/xml-resources/web-service-references/GetPurchases/wsdl/csimoes-MSE_9081/PurchaseCompositeOrchestrator-sun-http-binding/BPEL_Purchases/WS_BPEL_Checkout.wsdl"/>
    <system systemId="http://csimoes-MSE:9081/PurchaseCompositeOrchestrator-sun-http-binding/BPEL_Purchases/Purchases.xsd" uri="conf/xml-resources/web-service-references/GetPurchases/wsdl/csimoes-MSE_9081/PurchaseCompositeOrchestrator-sun-http-binding/BPEL_Purchases/Purchases.xsd"/>
</catalog>