<?xml version="1.0" encoding="UTF-8"?>
<jax-ws xmlns="http://www.netbeans.org/ns/jax-ws/1">
  <services/>
  <clients>
    <client name="Login">
      <wsdl-url>http://localhost:9081/Login?WSDL</wsdl-url>
      <local-wsdl-file>localhost_9081/Login.wsdl</local-wsdl-file>
      <package-name>usercompositeorchestrator</package-name>
      <catalog-file>catalog.xml</catalog-file>
      <wsimport-options>
        <wsimport-option>
          <wsimport-option-name>extension</wsimport-option-name>
          <wsimport-option-value>true</wsimport-option-value>
        </wsimport-option>
        <wsimport-option>
          <wsimport-option-name>verbose</wsimport-option-name>
          <wsimport-option-value>true</wsimport-option-value>
        </wsimport-option>
        <wsimport-option>
          <wsimport-option-name>wsdlLocation</wsimport-option-name>
          <wsimport-option-value>http://localhost:9081/Login?WSDL</wsimport-option-value>
        </wsimport-option>
        <wsimport-option>
          <wsimport-option-name>xnocompile</wsimport-option-name>
          <wsimport-option-value>true</wsimport-option-value>
        </wsimport-option>
      </wsimport-options>
    </client>
    <client name="SearchCameras">
      <wsdl-url>http://localhost:9081/SearchCameras?WSDL</wsdl-url>
      <local-wsdl-file>localhost_9081/SearchCameras.wsdl</local-wsdl-file>
      <package-name>ordercompositeorchestrator</package-name>
      <catalog-file>catalog.xml</catalog-file>
      <wsimport-options>
        <wsimport-option>
          <wsimport-option-name>extension</wsimport-option-name>
          <wsimport-option-value>true</wsimport-option-value>
        </wsimport-option>
        <wsimport-option>
          <wsimport-option-name>verbose</wsimport-option-name>
          <wsimport-option-value>true</wsimport-option-value>
        </wsimport-option>
        <wsimport-option>
          <wsimport-option-name>wsdlLocation</wsimport-option-name>
          <wsimport-option-value>http://localhost:9081/SearchCameras?WSDL</wsimport-option-value>
        </wsimport-option>
        <wsimport-option>
          <wsimport-option-name>xnocompile</wsimport-option-name>
          <wsimport-option-value>true</wsimport-option-value>
        </wsimport-option>
      </wsimport-options>
    </client>
    <client name="GetCameraInfo">
      <wsdl-url>http://localhost:9081/GetCameraInfo?WSDL</wsdl-url>
      <local-wsdl-file>localhost_9081/GetCameraInfo.wsdl</local-wsdl-file>
      <package-name>ordercompositeorchestrator</package-name>
      <catalog-file>catalog.xml</catalog-file>
      <wsimport-options>
        <wsimport-option>
          <wsimport-option-name>extension</wsimport-option-name>
          <wsimport-option-value>true</wsimport-option-value>
        </wsimport-option>
        <wsimport-option>
          <wsimport-option-name>verbose</wsimport-option-name>
          <wsimport-option-value>true</wsimport-option-value>
        </wsimport-option>
        <wsimport-option>
          <wsimport-option-name>wsdlLocation</wsimport-option-name>
          <wsimport-option-value>http://localhost:9081/GetCameraInfo?WSDL</wsimport-option-value>
        </wsimport-option>
        <wsimport-option>
          <wsimport-option-name>xnocompile</wsimport-option-name>
          <wsimport-option-value>true</wsimport-option-value>
        </wsimport-option>
      </wsimport-options>
    </client>
    <client name="RegisterUser">
      <wsdl-url>http://localhost:9081/RegisterUser?WSDL</wsdl-url>
      <local-wsdl-file>localhost_9081/RegisterUser.wsdl</local-wsdl-file>
      <package-name>usercompositeorchestrator</package-name>
      <catalog-file>catalog.xml</catalog-file>
      <wsimport-options>
        <wsimport-option>
          <wsimport-option-name>extension</wsimport-option-name>
          <wsimport-option-value>true</wsimport-option-value>
        </wsimport-option>
        <wsimport-option>
          <wsimport-option-name>verbose</wsimport-option-name>
          <wsimport-option-value>true</wsimport-option-value>
        </wsimport-option>
        <wsimport-option>
          <wsimport-option-name>wsdlLocation</wsimport-option-name>
          <wsimport-option-value>http://localhost:9081/RegisterUser?WSDL</wsimport-option-value>
        </wsimport-option>
        <wsimport-option>
          <wsimport-option-name>xnocompile</wsimport-option-name>
          <wsimport-option-value>true</wsimport-option-value>
        </wsimport-option>
      </wsimport-options>
    </client>
    <client name="Checkout">
      <wsdl-url>http://localhost:9081/Checkout?WSDL</wsdl-url>
      <local-wsdl-file>localhost_9081/Checkout.wsdl</local-wsdl-file>
      <package-name>purchasecompositeorchestrator</package-name>
      <catalog-file>catalog.xml</catalog-file>
      <wsimport-options>
        <wsimport-option>
          <wsimport-option-name>extension</wsimport-option-name>
          <wsimport-option-value>true</wsimport-option-value>
        </wsimport-option>
        <wsimport-option>
          <wsimport-option-name>verbose</wsimport-option-name>
          <wsimport-option-value>true</wsimport-option-value>
        </wsimport-option>
        <wsimport-option>
          <wsimport-option-name>wsdlLocation</wsimport-option-name>
          <wsimport-option-value>http://localhost:9081/Checkout?WSDL</wsimport-option-value>
        </wsimport-option>
        <wsimport-option>
          <wsimport-option-name>xnocompile</wsimport-option-name>
          <wsimport-option-value>true</wsimport-option-value>
        </wsimport-option>
      </wsimport-options>
    </client>
    <client name="GetPurchaseInfo">
      <wsdl-url>http://localhost:9081/GetPurchaseInfo?WSDL</wsdl-url>
      <local-wsdl-file>localhost_9081/GetPurchaseInfo.wsdl</local-wsdl-file>
      <package-name>purchasecompositeorchestrator</package-name>
      <catalog-file>catalog.xml</catalog-file>
      <wsimport-options>
        <wsimport-option>
          <wsimport-option-name>extension</wsimport-option-name>
          <wsimport-option-value>true</wsimport-option-value>
        </wsimport-option>
        <wsimport-option>
          <wsimport-option-name>verbose</wsimport-option-name>
          <wsimport-option-value>true</wsimport-option-value>
        </wsimport-option>
        <wsimport-option>
          <wsimport-option-name>wsdlLocation</wsimport-option-name>
          <wsimport-option-value>http://localhost:9081/GetPurchaseInfo?WSDL</wsimport-option-value>
        </wsimport-option>
        <wsimport-option>
          <wsimport-option-name>xnocompile</wsimport-option-name>
          <wsimport-option-value>true</wsimport-option-value>
        </wsimport-option>
      </wsimport-options>
    </client>
    <client name="GetPurchases">
      <wsdl-url>http://localhost:9081/GetPurchases?WSDL</wsdl-url>
      <local-wsdl-file>localhost_9081/GetPurchases.wsdl</local-wsdl-file>
      <package-name>purchasecompositeorchestrator</package-name>
      <catalog-file>catalog.xml</catalog-file>
      <wsimport-options>
        <wsimport-option>
          <wsimport-option-name>extension</wsimport-option-name>
          <wsimport-option-value>true</wsimport-option-value>
        </wsimport-option>
        <wsimport-option>
          <wsimport-option-name>verbose</wsimport-option-name>
          <wsimport-option-value>true</wsimport-option-value>
        </wsimport-option>
        <wsimport-option>
          <wsimport-option-name>wsdlLocation</wsimport-option-name>
          <wsimport-option-value>http://localhost:9081/GetPurchases?WSDL</wsimport-option-value>
        </wsimport-option>
        <wsimport-option>
          <wsimport-option-name>xnocompile</wsimport-option-name>
          <wsimport-option-value>true</wsimport-option-value>
        </wsimport-option>
      </wsimport-options>
    </client>
  </clients>
</jax-ws>
