<?xml version="1.0" encoding="UTF-8"?>
<project xmlns:xalan="http://xml.apache.org/xslt" xmlns:webproject2="http://www.netbeans.org/ns/web-project/2" xmlns:jaxws="http://www.netbeans.org/ns/jax-ws/1">
    <!--
                ===================
                JAX-WS WSIMPORT SECTION
                ===================
            -->
    <target name="wsimport-init" depends="init">
        <mkdir dir="${build.generated.dir}/wsimport/client"/>
        <mkdir dir="${build.generated.dir}/wsimport/binaries"/>
        <taskdef name="wsimport" classname="com.sun.tools.ws.ant.WsImport">
            <classpath path="${java.home}/../lib/tools.jar:${j2ee.platform.wsimport.classpath}:${javac.classpath}"/>
        </taskdef>
        <condition property="conf-dir" value="${conf.dir}/" else="">
            <isset property="conf.dir"/>
        </condition>
    </target>
    <target name="wsimport-client-check-Login" depends="wsimport-init">
        <condition property="wsimport-client-Login.notRequired">
            <available file="${build.generated.dir}/wsimport/client/usercompositeorchestrator/Login.java"/>
        </condition>
    </target>
    <target name="wsimport-client-Login" depends="wsimport-init,wsimport-client-check-Login" unless="wsimport-client-Login.notRequired">
        <wsimport sourcedestdir="${build.generated.dir}/wsimport/client" destdir="${build.generated.dir}/wsimport/binaries" wsdl="${basedir}/${conf-dir}xml-resources/web-service-references/Login/wsdl/localhost_9081/Login.wsdl" catalog="catalog.xml" extension="true" verbose="true" wsdlLocation="http://localhost:9081/Login?WSDL" xnocompile="true"/>
    </target>
    <target name="wsimport-client-clean-Login" depends="-init-project">
        <delete dir="${build.generated.dir}/wsimport/client/usercompositeorchestrator"/>
    </target>
    <target name="wsimport-client-check-SearchCameras" depends="wsimport-init">
        <condition property="wsimport-client-SearchCameras.notRequired">
            <available file="${build.generated.dir}/wsimport/client/ordercompositeorchestrator/SearchCameras.java"/>
        </condition>
    </target>
    <target name="wsimport-client-SearchCameras" depends="wsimport-init,wsimport-client-check-SearchCameras" unless="wsimport-client-SearchCameras.notRequired">
        <wsimport sourcedestdir="${build.generated.dir}/wsimport/client" destdir="${build.generated.dir}/wsimport/binaries" wsdl="${basedir}/${conf-dir}xml-resources/web-service-references/SearchCameras/wsdl/localhost_9081/SearchCameras.wsdl" catalog="catalog.xml" extension="true" verbose="true" wsdlLocation="http://localhost:9081/SearchCameras?WSDL" xnocompile="true"/>
    </target>
    <target name="wsimport-client-clean-SearchCameras" depends="-init-project">
        <delete dir="${build.generated.dir}/wsimport/client/ordercompositeorchestrator"/>
    </target>
    <target name="wsimport-client-check-GetCameraInfo" depends="wsimport-init">
        <condition property="wsimport-client-GetCameraInfo.notRequired">
            <available file="${build.generated.dir}/wsimport/client/ordercompositeorchestrator/GetCameraInfo.java"/>
        </condition>
    </target>
    <target name="wsimport-client-GetCameraInfo" depends="wsimport-init,wsimport-client-check-GetCameraInfo" unless="wsimport-client-GetCameraInfo.notRequired">
        <wsimport sourcedestdir="${build.generated.dir}/wsimport/client" destdir="${build.generated.dir}/wsimport/binaries" wsdl="${basedir}/${conf-dir}xml-resources/web-service-references/GetCameraInfo/wsdl/localhost_9081/GetCameraInfo.wsdl" catalog="catalog.xml" extension="true" verbose="true" wsdlLocation="http://localhost:9081/GetCameraInfo?WSDL" xnocompile="true"/>
    </target>
    <target name="wsimport-client-clean-GetCameraInfo" depends="-init-project">
        <delete dir="${build.generated.dir}/wsimport/client/ordercompositeorchestrator"/>
    </target>
    <target name="wsimport-client-check-RegisterUser" depends="wsimport-init">
        <condition property="wsimport-client-RegisterUser.notRequired">
            <available file="${build.generated.dir}/wsimport/client/usercompositeorchestrator/RegisterUser.java"/>
        </condition>
    </target>
    <target name="wsimport-client-RegisterUser" depends="wsimport-init,wsimport-client-check-RegisterUser" unless="wsimport-client-RegisterUser.notRequired">
        <wsimport sourcedestdir="${build.generated.dir}/wsimport/client" destdir="${build.generated.dir}/wsimport/binaries" wsdl="${basedir}/${conf-dir}xml-resources/web-service-references/RegisterUser/wsdl/localhost_9081/RegisterUser.wsdl" catalog="catalog.xml" extension="true" verbose="true" wsdlLocation="http://localhost:9081/RegisterUser?WSDL" xnocompile="true"/>
    </target>
    <target name="wsimport-client-clean-RegisterUser" depends="-init-project">
        <delete dir="${build.generated.dir}/wsimport/client/usercompositeorchestrator"/>
    </target>
    <target name="wsimport-client-check-Checkout" depends="wsimport-init">
        <condition property="wsimport-client-Checkout.notRequired">
            <available file="${build.generated.dir}/wsimport/client/purchasecompositeorchestrator/Checkout.java"/>
        </condition>
    </target>
    <target name="wsimport-client-Checkout" depends="wsimport-init,wsimport-client-check-Checkout" unless="wsimport-client-Checkout.notRequired">
        <wsimport sourcedestdir="${build.generated.dir}/wsimport/client" destdir="${build.generated.dir}/wsimport/binaries" wsdl="${basedir}/${conf-dir}xml-resources/web-service-references/Checkout/wsdl/localhost_9081/Checkout.wsdl" catalog="catalog.xml" extension="true" verbose="true" wsdlLocation="http://localhost:9081/Checkout?WSDL" xnocompile="true"/>
    </target>
    <target name="wsimport-client-clean-Checkout" depends="-init-project">
        <delete dir="${build.generated.dir}/wsimport/client/purchasecompositeorchestrator"/>
    </target>
    <target name="wsimport-client-check-GetPurchaseInfo" depends="wsimport-init">
        <condition property="wsimport-client-GetPurchaseInfo.notRequired">
            <available file="${build.generated.dir}/wsimport/client/purchasecompositeorchestrator/GetPurchaseInfo.java"/>
        </condition>
    </target>
    <target name="wsimport-client-GetPurchaseInfo" depends="wsimport-init,wsimport-client-check-GetPurchaseInfo" unless="wsimport-client-GetPurchaseInfo.notRequired">
        <wsimport sourcedestdir="${build.generated.dir}/wsimport/client" destdir="${build.generated.dir}/wsimport/binaries" wsdl="${basedir}/${conf-dir}xml-resources/web-service-references/GetPurchaseInfo/wsdl/localhost_9081/GetPurchaseInfo.wsdl" catalog="catalog.xml" extension="true" verbose="true" wsdlLocation="http://localhost:9081/GetPurchaseInfo?WSDL" xnocompile="true"/>
    </target>
    <target name="wsimport-client-clean-GetPurchaseInfo" depends="-init-project">
        <delete dir="${build.generated.dir}/wsimport/client/purchasecompositeorchestrator"/>
    </target>
    <target name="wsimport-client-check-GetPurchases" depends="wsimport-init">
        <condition property="wsimport-client-GetPurchases.notRequired">
            <available file="${build.generated.dir}/wsimport/client/purchasecompositeorchestrator/GetPurchases.java"/>
        </condition>
    </target>
    <target name="wsimport-client-GetPurchases" depends="wsimport-init,wsimport-client-check-GetPurchases" unless="wsimport-client-GetPurchases.notRequired">
        <wsimport sourcedestdir="${build.generated.dir}/wsimport/client" destdir="${build.generated.dir}/wsimport/binaries" wsdl="${basedir}/${conf-dir}xml-resources/web-service-references/GetPurchases/wsdl/localhost_9081/GetPurchases.wsdl" catalog="catalog.xml" extension="true" verbose="true" wsdlLocation="http://localhost:9081/GetPurchases?WSDL" xnocompile="true"/>
    </target>
    <target name="wsimport-client-clean-GetPurchases" depends="-init-project">
        <delete dir="${build.generated.dir}/wsimport/client/purchasecompositeorchestrator"/>
    </target>
    <target name="wsimport-client-generate" depends="wsimport-client-Login, wsimport-client-SearchCameras, wsimport-client-GetCameraInfo, wsimport-client-RegisterUser, wsimport-client-Checkout, wsimport-client-GetPurchaseInfo, wsimport-client-GetPurchases"/>
    <target name="wsimport-client-compile" depends="-pre-pre-compile">
        <webproject2:javac srcdir="${build.generated.dir}/wsimport/client" classpath="${j2ee.platform.wsimport.classpath}:${javac.classpath}" destdir="${build.classes.dir}"/>
        <copy todir="${build.classes.dir}">
            <fileset dir="${build.generated.dir}/wsimport/binaries" includes="**/*.xml"/>
        </copy>
    </target>
</project>
